,q,ch,a,answer_mcq,score,score_by_ai,
0,"Apa yang dimaksud dengan ""Efek"" dalam regulasi Otoritas Jasa Keuangan?","A) Dokumen keuangan apa pun
B) Pernyataan tertulis terkait penawaran umum
C) Unit kontrak investasi kolektif
D) Bentuk pengakuan utang",C) Unit kontrak investasi kolektif,"D) Bentuk pengakuan utang, surat berharga komersial, saham, obligasi, tanda bukti utang, unit penyertaan kontrak investasi kolektif, kontrak berjangka atas Efek, dan setiap derivatif dari Efek.

Sesuai dengan Peraturan Otoritas Jasa Keuangan mengenai Pelaporan Transaksi Efek (Peraturan OJK Nomor 32/POJK.04/2015) dalam Pasal 1 ayat (1), kita dapat mengetahui bahwa istilah ""Efek"" mencakup berbagai macam bentuk surat berharga, seperti surat pengakuan utang, surat berharga komersial, saham, obligasi, tanda bukti utang, unit penyertaan kontrak investasi kolektif, kontrak berjangka atas Efek, dan setiap derivatif dari Efek. Oleh karena itu, jawaban yang benar adalah D) Bentuk pengakuan utang.",0,0,0.36
1,Apa yang dilarang dalam promosi pemasaran Efek menurut Pasal 2?,"A) Mengungkapkan risiko investasi
B) Memberikan gambaran yang menyesatkan
C) Memuat informasi benar
D) Hanya mempromosikan Prospektus",B) Memberikan gambaran yang menyesatkan,"Pasal 2 yang Anda minta tidak terkait dengan promosi pemasaran Efek, melainkan dengan Penawaran Umum Efek. Dalam Pasal 5 dan Pasal 3 yang terdapat dalam context ini yang lebih relevan dengan promosi pemasaran Efek.

Pasal 5 melarang untuk tidak mengungkapkan dengan jelas pendapat, proyeksi, atau ramalan mengenai Efek tertentu. Hal ini wajib diungkapkan secara jelas.

Pasal 3 memerlukan adanya informasi bahwa Efek tertentu yang dipromosikan hanya cocok untuk kelompok pemodal tertentu dan mengungkapkan risiko yang berhubungan dengan investasi atas Efek tertentu.

Oleh karena itu, jawabannya adalah:
B) Memberikan gambaran yang menyesatkan

Karena Pasal 5 melarang untuk memberikan gambaran yang tidak jelas atau menyesatkan mengenai Efek tertentu dalam promosi pemasaran.",1,1,0.76
2,Apa yang wajib dimuat dalam promosi pemasaran Efek menurut Pasal 3?,"A) Informasi bahwa Efek hanya cocok untuk kelompok pemodal tertentu
B) Harga pasar saat promosi dibuat
C) Nama Pihak yang memberikan rekomendasi
D) Keterangan tentang perdagangan Efek tersebut",A) Informasi bahwa Efek hanya cocok untuk kelompok pemodal tertentu,"Sebagai ahli perundangan pasar modal di Indonesia, dari konteks yang Anda berikan, yaitu Pasal 3 dari aturan tersebut, yang dapat disimpulkan adalah:

A) Informasi bahwa Efek hanya cocok untuk kelompok pemodal tertentu

Hal ini dapat dilihat pada Pasal 3, yang menyatakan bahwa dalam promosi pemasaran Efek, wajib memuat informasi bahwa Efek tertentu yang dipromosikan hanya cocok untuk kelompok pemodal tertentu. Oleh sebab itu, opsi lainnya (harga pasar saat promosi dibuat, nama Pihak yang memberikan rekomendasi, dan keterangan tentang perdagangan Efek tersebut) tidak relevan dengan Pasal 3.",1,1,
3,Apa yang diwajibkan oleh Pasal 5 dalam hal promosi pemasaran Efek?,"A) Mengungkapkan risiko investasi
B) Memuat pendapat, proyeksi, atau ramalan secara jelas
C) Hanya mencantumkan informasi yang positif
D) Tidak memperbolehkan promosi pemasaran Efek","B) Memuat pendapat, proyeksi, atau ramalan secara jelas","Berdasarkan informasi yang Anda berikan, Pasal 5 yang relevan dengan promosi pemasaran Efek menyatakan bahwa jika terdapat pendapat, proyeksi, atau ramalan mengenai Efek tertentu dalam promosi pemasaran, maka harus diterangkan secara jelas. Oleh karena itu, jawabannya adalah:

B) Memuat pendapat, proyeksi, atau ramalan secara jelas

Hal ini disebutkan dalam konteks berikut:

""Pasal 5 Dalam hal promosi pemasaran Efek memuat pendapat, proyeksi, atau ramalan mengenai Efek tertentu, pendapat, proyeksi, atau ramalan mengenai Efek tertentu tersebut wajib diungkapkan secara jelas.""

Jadi, Pasal 5 tidak melarang promosi pemasaran Efek, dan juga tidak mengharuskan untuk hanya mencantumkan informasi yang positif. Selain itu, Pasal 5 tidak langsung menyatakan apa yang diwajibkan mengenai mengungkapkan risiko investasi, meskipun Pasal 3 Pasal 4 menyatakan bahwa promosi pemasaran Efek wajib mengungkapkan risiko yang berhubungan dengan investasi atas Efek tertentu.",1,0,
4,Apa yang harus dimuat dalam promosi pemasaran Efek menurut Pasal 6 dalam rangka Penawaran Umum?,"A) Informasi tentang promosi pemasaran Efek
B) Prospektus atau kesempatan untuk membaca Prospektus
C) Nominal nilai Efek
D) Pernyataan Pendaftaran",B) Prospektus atau kesempatan untuk membaca Prospektus,"Pasal 6 dalam rangka Penawaran Umum menetapkan bahwa dalam promosi pemasaran Efek, wajib memuat informasi bahwa pemodal hanya dapat melakukan pemesanan pembelian Efek setelah memperoleh Prospektus atau memperoleh kesempatan untuk membaca Prospektus, dan setelah Pernyataan Pendaftaran efektif. Jadi, jawabannya adalah B) Prospektus atau kesempatan untuk membaca Prospektus.",1,1,
5,Apa yang dapat dilakukan oleh Otoritas Jasa Keuangan terkait pengenaan sanksi administratif menurut Pasal 9?,"A) Dapat mengumumkan kepada masyarakat
B) Hanya memberikan peringatan tertulis
C) Melakukan tindakan tertentu kepada Pihak yang melanggar
D) Menunda pengenaan sanksi",A) Dapat mengumumkan kepada masyarakat,"Jawab: C) Melakukan tindakan tertentu kepada Pihak yang melanggar

Keterangan: Pasal 9 Peraturan Otoritas Jasa Keuangan menyatakan bahwa Otoritas Jasa Keuangan berwenang mengenakan sanksi administratif terhadap pihak yang melakukan pelanggaran ketentuan Peraturan Otoritas Jasa Keuangan. Beberapa contoh sanksi administratif adalah peringatan tertulis, denda, pembatasan atau pembekuan kegiatan usaha, pencabutan izin usaha, pembatalan persetujuan, dan pembatalan pendaftaran. Otoritas Jasa Keuangan dapat melakukan tindakan tertentu terhadap pihak yang melakukan pelanggaran, seperti yang dimaksud pada Pasal 10. Hal ini dapat meliputi pemberian sanksi administratif maupun tindakan lain yang dianggap perlu.",0,0,
6,Kapan Peraturan Otoritas Jasa Keuangan ini mulai berlaku?,"A) Setelah diumumkan kepada masyarakat
B) Tanggal diundangkan
C) Setelah Keputusan Ketua Badan Pengawas Pasar Modal dicabut
D) Pada saat Peraturan ini disetujui oleh masyarakat",B) Tanggal diundangkan,"Jawab: B) Tanggal diundangkan

Dasar: Pasal 32 Peraturan Otoritas Jasa Keuangan yang merupakan lampiran yang dicabut dan dinyatakan tidak berlaku, menyatakan bahwa peraturan tersebut mulai berlaku pada tanggal diundangkan.",1,0,
7,"Apa yang dimaksud dengan ""Perusahaan Terbuka"" menurut Pasal 1?","A) Perusahaan yang hanya melayani umum
B) Emiten yang melakukan penawaran umum efek bersifat ekuitas atau perusahaan publik
C) Organisasi non-profit
D) Perusahaan yang tidak terdaftar di bursa saham",B) Emiten yang melakukan penawaran umum efek bersifat ekuitas atau perusahaan publik,"Berdasarkan informasi yang Anda berikan, yaitu dari beberapa regulasi di Otoritas Jasa Keuangan (OJK), khususnya Pasal 1 dari beberapa peraturan tersebut, maka ""Perusahaan Terbuka"" didefinisikan sebagai:

1. Perusahaan Terbuka adalah emiten yang telah melakukan penawaran umum efek bersifat ekuitas atau perusahaan publik. (Dasar undang-undang nomor 8 tahun 1995 tentang Pasar Modal, Lembaran Negara Republik Indonesia tahun 1995 nomor 64, Tambahan Lembaran Negara Republik Indonesia nomor 3608; Peraturan Otoritas Jasa Keuangan tentang Pengambilalihan Perusahaan Terbuka, Lembaran Negara Republik Indonesia tahun 2011 nomor 111, Tambahan Lembaran Negara Republik Indonesia nomor 5253; Peraturan Otoritas Jasa Keuangan tentang Laporan Kepemilikan atau Setiap Perubahan Kepemilikan Saham Perusahaan Terbuka, Lembaran Negara Republik Indonesia tahun 2011 nomor 111, Tambahan Lembaran Negara Republik Indonesia nomor 5253; Peraturan Otoritas Jasa Keuangan tentang Pemecahan Saham dan Penggabungan Saham Oleh Perusahaan Terbuka, Lembaran Negara Republik Indonesia tahun 2011 nomor 111, Tambahan Lembaran Negara Republik Indonesia nomor 5253; Peraturan Otoritas Jasa Keuangan tentang Rencana dan Penyelenggaraan Rapat Umum Pemegang Saham Perusahaan Terbuka, Lembaran Negara Republik Indonesia tahun 2011 nomor 111, Tambahan Lembaran Negara Republik Indonesia nomor 5253).

Jadi, opsi yang paling tepat adalah:
B) Emiten yang melakukan penawaran umum efek bersifat ekuitas atau perusahaan publik.",1,1,
8,Siapa yang memiliki wewenang yang tidak diberikan kepada direksi atau dewan komisaris dalam Perusahaan Terbuka?,"A) Pemegang Saham Independen
B) Penerima Kuasa
C) Pengguna e-RUPS
D) Rapat Umum Pemegang Saham (RUPS)",D) Rapat Umum Pemegang Saham (RUPS),"Jawab: D) Rapat Umum Pemegang Saham (RUPS)

Keterangan: Dalam Peraturan Otoritas Jasa Keuangan No. 35/POJK.04/2014 tentang Laporan Kepemilikan atau Setiap Perubahan Kepemilikan Saham Perusahaan Terbuka, belum ada bentuk wewenang yang ditetapkan secara langsung untuk Pemegang Saham Independen, Penerima Kuasa, atau Pengguna e-RUPS. Namun, Rapat Umum Pemegang Saham (RUPS) memiliki wewenang tertentu dalam mengawasi dan mengatur beberapa hal dalam Perusahaan Terbuka sesuai dengan Pasal 71 ayat (1) dari Peraturan Otoritas Jasa Keuangan No. 33/POJK.04/2014 tentang Penanaman Modal Berjangka dan Perusahaan Terbuka. Di sini, RUPS memiliki wewenang untuk menentukan kebijakan umum dan strategi perusahaan, memeriksa laporan keuangan, dan memilih dan mengganti anggota Direksi dan Dewan Komisaris.",1,0,
9,Kapan Perusahaan Terbuka wajib menyelenggarakan RUPS Tahunan menurut Pasal 2 ayat (2)?,"A) Paling lambat 1 bulan setelah tahun buku berakhir
B) Paling lambat 3 bulan setelah tahun buku berakhir
C) Paling lambat 6 bulan setelah tahun buku berakhir
D) Paling lambat 9 bulan setelah tahun buku berakhir",C) Paling lambat 6 bulan setelah tahun buku berakhir,Perusahaan Terbuka wajib menyelenggara RUPS Tahunan paling lambat 6 (enam) bulan setelah tahun buku berakhir. (Pasal 2 ayat (2) dari RUPS),1,0,
10,Siapa yang dapat mengajukan permintaan penyelenggaraan RUPS menurut Pasal 3 ayat (1)?,"A) Hanya pemegang saham yang mewakili lebih dari 1/10 saham dengan hak suara
B) Hanya Direksi
C) Dewan Komisaris
D) Pemegang saham dan Dewan Komisaris",D) Pemegang saham dan Dewan Komisaris,"Jawab: D [Pasal 3 ayat (1), Peraturan UU No. 40 Tahun 2007 (RUPS)]

Dalam Pasal 3 ayat (1) diatur bahwa penyelenggaraan RUPS dapat dilakukan atas permintaan 1 (satu) orang atau lebih pemegang saham yang bersama-sama mewakili 1/10 (satu persepuluh) atau lebih dari jumlah seluruh saham dengan hak suara, atau Dewan Komisaris. Oleh karena itu, jawaban yang tepat adalah D (Pemegang saham dan Dewan Komisaris).",1,1,
11,Kapan Direksi wajib melakukan pengumuman RUPS setelah menerima permintaan penyelenggaraan RUPS menurut Pasal 4 ayat (1)?,"A) Paling lambat 7 hari
B) Paling lambat 10 hari
C) Paling lambat 15 hari
D) Paling lambat 20 hari",C) Paling lambat 15 hari,"Jawab: C) Paling lambat 15 hari

Pasal 4 ayat (1) dari context yang Anda berikan menyatakan bahwa Direksi wajib melakukan pengumuman RUPS kepada pemegang saham paling lambat 15 (lima belas) hari terhitung sejak tanggal permintaan penyelenggaraan RUPS diterima oleh Direksi. Oleh sebab itu, jawaban yang benar adalah paling lambat 15 hari.",1,1,
12,"Apa yang dapat dilakukan pemegang saham jika Direksi tidak melakukan pengumuman RUPS atas usulan mereka, menurut Pasal 5 ayat (2)?","A) Melakukan pengumuman RUPS sendiri
B) Mengajukan kembali permintaan penyelenggaraan RUPS kepada Dewan Komisaris
C) Tidak ada opsi lain, harus menerima keputusan Direksi
D) Melaporkan Direksi kepada Otoritas Jasa Keuangan",B) Mengajukan kembali permintaan penyelenggaraan RUPS kepada Dewan Komisaris,"Jawab: B) Mengajukan kembali permintaan penyelenggaraan RUPS kepada Dewan Komisaris

Pasal 5 ayat (2) yang terdapat dalam konteks menyatakan bahwa dalam hal Direksi tidak melakukan pengumuman RUPS sebagaimana dimaksud dalam Pasal 4 ayat (1) atas usulan pemegang saham, maka pemegang saham wajib mengajukan kembali permintaan penyelenggaraan RUPS kepada Dewan Komisaris. Oleh karena itu, opsi yang tersedia untuk pemegang saham adalah Mengajukan kembali permintaan penyelenggaraan RUPS kepada Dewan Komisaris.",1,1,
13,"Apa yang harus dilakukan Direksi jika mereka tidak melakukan pengumuman RUPS atas usulan Dewan Komisaris, menurut Pasal 9 ayat (1)?","A) Mengumumkan bahwa RUPS tidak akan diselenggarakan
B) Mengumumkan bahwa RUPS akan diselenggarakan oleh Dewan Komisaris
C) Memberikan alasan tidak diselenggarakannya RUPS
D) Melakukan pengumuman RUPS sendiri",A) Mengumumkan bahwa RUPS tidak akan diselenggarakan,"Jawab: C) Memberikan alasan tidak diselenggarakannya RUPS

Keputusan ini didasarkan pada Pasal 9 ayat (1) dari Peraturan Otoritas Jasa Keuangan yang relevan. Pasal tersebut menyatakan bahwa jika Direksi tidak melakukan pengumuman RUPS atas usulan Dewan Komisaris, maka Direksi wajib memberikan alasan tidak diselenggarakannya RUPS. Opsi lainnya seperti mengumumkan bahwa RUPS akan diselenggarakan oleh Dewan Komisaris, melakukan pengumuman RUPS sendiri, atau mengumumkan bahwa RUPS tidak akan diselenggarakan, tidak relevan atau tidak dimaksudkan dalam Pasal 9 ayat (1).",0,0,
14,Apa yang diwajibkan oleh Pasal 10 ayat (1) terkait prosedur penyelenggaraan RUPS?,"A) Prosedur penyelenggaraan RUPS harus dilakukan sesuai dengan ketentuan Peraturan Otoritas Jasa Keuangan ini
B) Prosedur penyelenggaraan RUPS hanya berlaku untuk Direksi
C) Prosedur penyelenggaraan RUPS hanya berlaku untuk Dewan Komisaris
D) Prosedur penyelenggaraan RUPS harus disesuaikan dengan kebijakan Perusahaan Terbuka",A) Prosedur penyelenggaraan RUPS harus dilakukan sesuai dengan ketentuan Peraturan Otoritas Jasa Keuangan ini,"Jawab: A) Prosedur penyelenggaraan RUPS harus dilakukan sesuai dengan ketentuan Peraturan Otoritas Jasa Keuangan ini.

Pasal 10 ayat (1) menyatakan bahwa Perusahaan Terbuka wajib memiliki prosedur yang memadai untuk memastikan bahwa transaksi afiliasi dilaksanakan sesuai dengan praktik bisnis yang berlaku umum. Hal ini berlaku dalam hal transaksi afiliasi yang merupakan transaksi material dan tidak memenuhi ketentuan sebagaimana dimaksud dalam Pasal 6 ayat (1). Hal ini menunjukkan bahwa prosedur penyelenggaraan RUPS harus dilakukan sesuai dengan ketentuan Peraturan Otoritas Jasa Keuangan. Oleh karena itu, jawaban yang benar adalah A.",1,0,
15,"Kapan Perusahaan Terbuka wajib menyampaikan pemberitahuan mata acara rapat kepada Otoritas Jasa Keuangan, menurut Pasal 13 ayat (1)?","A) Paling lambat 5 hari sebelum pengumuman RUPS
B) Setelah pengumuman RUPS
C) Pada hari yang sama dengan pengumuman RUPS
D) Paling lambat saat pemanggilan RUPS",A) Paling lambat 5 hari sebelum pengumuman RUPS,"Jawab: A) Paling lambat 5 hari sebelum pengumuman RUPS.

Pasal 13 ayat (1) Peraturan Otoritas Jasa Keuangan mengenai rencana dan penyelenggaraan rapat umum pemegang saham Perusahaan Terbuka menetapkan bahwa Perusahaan Terbuka wajib terlebih dahulu menyampaikan pemberitahuan mata acara rapat kepada Otoritas Jasa Keuangan paling lambat 5 (lima) hari kerja sebelum pengumuman RUPS, dengan tidak memperhitungkan tanggal pengumuman RUPS.",1,1,
16,Apa yang diwajibkan oleh Pasal 14 terkait dengan pengumuman RUPS?,"A) Pengumuman RUPS harus dilakukan paling lambat 14 hari setelah pemanggilan RUPS
B) Pengumuman RUPS harus mencantumkan ketentuan pemegang saham yang berhak hadir
C) Pengumuman RUPS hanya wajib mencantumkan tanggal pemanggilan RUPS
D) Pengumuman RUPS tidak perlu memuat informasi tentang pengusulan mata acara rapat","B) Pengumuman RUPS harus mencantumkan ketentuan pemegang saham yang berhak hadir
","Jawab: B) Pengumuman RUPS harus mencantumkan ketentuan pemegang saham yang berhak hadir

Pasal 14 (1) dari Peraturan Menteri Keuangan Nomor 32/PO.01/2021 tentang Pengumuman Mata Acara Rapat Umum Pemegang Saham (RUPS) Perusahaan Terbuka menetapkan bahwa Perusahaan Terbuka wajib melakukan pengumuman RUPS kepada pemegang saham paling lambat 14 (empat belas) hari sebelum pemanggilan RUPS, dengan tidak memperhitungkan tanggal pengumuman dan tanggal pemanggilan. Dalam pengumuman RUPS, wajib memuat paling sedikit: a. ketentuan pemegang saham yang berhak hadir dalam RUPS; b. ketentuan pemegang saham yang berhak mengusulkan mata acara rapat; c. tanggal penyelenggaraan RUPS; dan d. tanggal pemanggilan RUPS.

Oleh karena itu, jawaban yang benar adalah B) Pengumuman RUPS harus mencantumkan ketentuan pemegang saham yang berhak hadir.",1,1,
17,Berapa lama sebelum pemanggilan RUPS pemegang saham dapat mengusulkan mata acara rapat menurut Pasal 16 ayat (1)?,"A) 1 (satu) hari
B) 5 (lima) hari
C) 7 (tujuh) hari
D) 10 (sepuluh) hari",C) 7 (tujuh) hari,"Jawab: C) 7 (tujuh) hari

Pasal 16 ayat (1) yang tercantum dalam context menyatakan bahwa pemegang saham yang dapat mengusulkan mata acara rapat adalah 1 (satu) pemegang saham atau lebih yang mewakili 1/20 (satu per dua puluh) atau lebih dari jumlah seluruh saham dengan hak suara. Usulan mata acara rapat harus dilakukan dengan itikad baik, mempertimbangkan kepentingan Perusahaan Terbuka, dan menyertakan alasan dan bahan usulan mata acara rapat.

Selain itu, Pasal 17 ayat (1) menyatakan bahwa Perusahaan Terbuka wajib melakukan pemanggilan kepada pemegang saham paling lambat 21 (dua puluh satu) hari sebelum tanggal penyelenggaraan RUPS, dengan tidak memperhitungkan tanggal pemanggilan dan tanggal penyelenggaraan RUPS.

Dalam hal ini, pertanyaan Anda bertanya mengenai berapa lama sebelum pemanggilan RUPS pemegang saham dapat mengusulkan mata acara rapat. Pasal 16 ayat (1) yang telah disebutkan sebelumnya menyatakan bahwa pemegang saham dapat mengusulkan mata acara rapat, tetapi tidak menentukan waktu maksimal sebelum pemanggilan RUPS untuk mengusulkan mata acara rapat. Namun, dari Pasal 17 ayat (1) yang telah disebutkan sebelumnya, kita mengetahui bahwa pemanggilan RUPS harus dilakukan paling lambat 21 (dua puluh satu) hari sebelum tanggal penyelenggaraan RUPS.

Oleh karena itu, dapat disimpulkan bahwa pemegang saham dapat mengusulkan mata acara rapat sampai dengan tanggal pemanggilan RUPS yang dilakukan oleh Perusahaan Terbuka. Namun, pemegang saham harus mempertimbangkan bahwa usulan mata acara rapat harus dilakukan dengan itikad baik dan mempertimbangkan kepentingan Perusahaan Terbuka, sehingga pemegang saham harus melakukan usulan mata acara rapat dengan cukup awal sebelum tanggal pemanggilan RUPS agar usulan dapat disetujui dan dimuat dalam pemanggilan RUPS.

Dalam hal ini, dapat kita lihat bahwa acara rapat ditetapkan secara tertulis kepada penyelenggara RUPS paling lambat 7 (tujuh) hari sebelum pemanggilan RUPS (seperti yang tercantum dalam context), maka dapat disimpulkan bahwa pemegang saham dapat mengusulkan mata acara rapat sampai dengan 7 (tujuh) hari sebelum pemanggilan RUPS. Oleh karena itu, jawaban yang benar adalah C) 7 (tujuh) hari.",1,1,
18,Siapa yang dapat mengusulkan mata acara rapat menurut Pasal 16 ayat (2)?,"A) Hanya Direksi Perusahaan Terbuka
B) Setiap pemegang saham tanpa memandang jumlah saham yang dimiliki
C) 1 (satu) pemegang saham atau lebih yang mewakili 1/20 (satu per dua puluh) atau lebih dari jumlah seluruh saham dengan hak suara
D) Anggota Dewan Komisaris",C) 1 (satu) pemegang saham atau lebih yang mewakili 1/20 (satu per dua puluh) atau lebih dari jumlah seluruh saham dengan hak suara,"C) 1 (satu) pemegang saham atau lebih yang mewakili 1/20 (satu per dua puluh) atau lebih dari jumlah seluruh saham dengan hak suara

Article 16 (2) of the regulation states that one or more shareholders who represent 1/20 (one per twenty) or more than half of the total shares with voting rights, except if the company's articles of association determine a smaller number, can propose an agenda item for the general meeting of shareholders.",1,1,
19,Apa saja informasi yang harus dimuat dalam pemanggilan RUPS menurut Pasal 17 ayat (2)?,"A) Hanya tanggal dan waktu RUPS
B) Tanggal, waktu, dan tempat RUPS
C) Tanggal, waktu, tempat, dan ketentuan pemegang saham yang berhak hadir
D) Tanggal, waktu, tempat, ketentuan pemegang saham yang berhak hadir, mata acara rapat, dan informasi kuasa melalui e-RUPS","D) Tanggal, waktu, tempat, ketentuan pemegang saham yang berhak hadir, mata acara rapat, dan informasi kuasa melalui e-RUPS","Jawab: D

Pasal 17 ayat (2) Perusahaan Terbuka wajib memuat informasi paling sedikit: a. tanggal penyelenggaraan RUPS; b. waktu penyelenggaraan RUPS; c. tempat penyelenggaraan RUPS; d. ketentuan pemegang saham yang berhak hadir dalam RUPS; e. mata acara rapat termasuk penjelasan atas setiap mata acara tersebut; f. informasi yang menyatakan bahan terkait mata acara rapat tersedia bagi pemegang saham sejak tanggal dilakukannya pemanggilan RUPS sampai dengan RUPS diselenggarakan; dan g. informasi bahwa pemegang saham dapat memberikan kuasa melalui e-RUPS.",1,0,
20,Kapan bahan mata acara rapat wajib tersedia bagi pemegang saham menurut Pasal 18 ayat (2)?,"A) Setelah penyelenggaraan RUPS
B) Paling sedikit sejak saat pemanggilan sampai dengan penyelenggaraan RUPS
C) 7 (tujuh) hari setelah pemanggilan RUPS
D) Sebelum dilakukannya pemanggilan RUPS",B) Paling sedikit sejak saat pemanggilan sampai dengan penyelenggaraan RUPS,"Jawab: B) Paling sedikit sejak saat pemanggilan sampai dengan penyelenggaraan RUPS

Keterangan: Menurut Pasal 18 ayat (2) Peraturan Otoritas Jasa Keuangan mengenai rencana dan penyelenggaraan rapat umum pemegang saham Perusahaan Terbuka, bahan mata acara rapat wajib tersedia bagi pemegang saham sejak tanggal dilakukannya pemanggilan RUPS sampai dengan penyelenggaraan RUPS.",1,0,
21,Kapan Perusahaan Terbuka wajib melakukan ralat pemanggilan RUPS menurut Pasal 19 ayat (1)?,"A) Setiap kali terjadi perubahan informasi
B) Hanya jika terdapat perubahan tanggal penyelenggaraan RUPS
C) Jika terdapat perubahan informasi, tetapi bukan karena kesalahan Perusahaan Terbuka atau perintah Otoritas Jasa Keuangan
D) Hanya jika terdapat penambahan mata acara RUPS",A) Setiap kali terjadi perubahan informasi,"Jawab: B) Hanya jika terdapat perubahan tanggal penyelenggaraan RUPS

Pasal 19 (1) yang tercantum dalam konteks menyatakan bahwa Perusahaan Terbuka wajib melakukan ralat pemanggilan RUPS jika terdapat perubahan informasi dalam pemanggilan RUPS yang telah dilakukan. Namun, dalam Pasal 19 ayat (2) dan (3), perubahan informasi dimaksud adalah perubahan tanggal penyelenggaraan RUPS dan/atau penambahan mata acara RUPS. Oleh karena itu, pilihan yang tepat adalah B) Hanya jika terdapat perubahan tanggal penyelenggaraan RUPS.",0,0,
22,Kapan pemanggilan RUPS kedua wajib dilakukan menurut Pasal 20?,"A) Paling cepat 10 (sepuluh) hari setelah RUPS pertama diselenggarakan
B) Paling cepat 7 (tujuh) hari setelah RUPS pertama diselenggarakan
C) Paling lambat 10 (sepuluh) hari sejak RUPS pertama diselenggarakan
D) Paling lambat 21 (dua puluh satu) hari setelah RUPS pertama diselenggarakan",A) Paling cepat 10 (sepuluh) hari dan paling lambat 21 (dua puluh satu) hari setelah RUPS pertama diselenggarakan,"Jawab: D) Paling lambat 21 (dua puluh satu) hari setelah RUPS pertama diselenggarakan.

Pasal 20 ayat (1) Peraturan Otoritas Jasa Keuangan menetapkan bahwa pemanggilan RUPS kedua wajib dilakukan dalam jangka waktu paling cepat 10 (sepuluh) hari dan paling lambat 21 (dua puluh satu) hari setelah RUPS pertama diselenggarakan. Oleh karena itu, jawaban yang benar adalah D) Paling lambat 21 (dua puluh satu) hari setelah RUPS pertama diselenggarakan.",1,0,
23,Bagaimana pemegang saham berhak memperoleh informasi pada saat pelaksanaan RUPS menurut Pasal 25?,"A) Tidak berhak memperoleh informasi
B) Hanya berhak jika tidak bertentangan dengan kepentingan Perusahaan Terbuka
C) Berhak memperoleh informasi tanpa batasan
D) Hanya berhak jika diizinkan oleh Dewan Komisaris

",C) Berhak memperoleh informasi tanpa batasan,"Jawab: B) Hanya berhak jika tidak bertentangan dengan kepentingan Perusahaan Terbuka

Pemegang saham berhak memperoleh informasi pada saat pelaksanaan RUPS sesuai dengan Pasal 25 yang menyatakan bahwa pemegang saham berhak memperoleh informasi mata acara rapat dan bahan terkait mata acara rapat sepanjang tidak bertentangan dengan kepentingan Perusahaan Terbuka. Hal ini menunjukkan bahwa hak memperoleh informasi pemegang saham terbatas dan hanya berlaku jika tidak bertentangan dengan kepentingan Perusahaan Terbuka.",0,0,
24,Siapakah yang dapat diundang oleh Perusahaan Terbuka pada saat pelaksanaan RUPS berdasarkan Pasal 26?,"A) Pemegang saham saja
B) Pihak lain yang terkait dengan mata acara RUPS
C) Dewan Komisaris saja
D) Anggota Direksi Perusahaan Terbuka saja",B) Pihak lain yang terkait dengan mata acara RUPS,"Jawab: B) Pihak lain yang terkait dengan mata acara RUPS

Alasan: Dalam Pasal 26 RUPS, dijelaskan bahwa saat pelaksanaan RUPS, Perusahaan Terbuka dapat mengundang pihak lain yang terkait dengan mata acara RUPS. Hal ini menunjukkan bahwa undangan dapat diperbesar kepada pihak lain selain pemegang saham, asalkan mereka terkait dengan mata acara RUPS.",0,0,
25,Apa yang harus disediakan Perusahaan Terbuka bagi pemegang saham menurut Pasal 27?,"A) Alternatif pemberian kuasa secara tertulis
B) Alternatif pemberian kuasa secara elektronik
C) Alternatif kehadiran langsung pemegang saham
D) Alternatif pemberian kuasa hanya melalui surat resmi",B) Alternatif pemberian kuasa secara elektronik,"Jawab:

D) Alternatif pemberian kuasa hanya melalui surat resmi

Pasal 27 yang relevan untuk soal ini adalah Pasal 27 Peraturan Otoritas Jasa Keuangan (OJK) tentang Ketentuan Pengumuman Transaksi Material dan Perubahan Kegiatan Usaha Perusahaan Terbuka. Pasal 27 (1) menyatakan bahwa pengumuman transaksi material dan perubahan kegiatan usaha wajib dilakukan melalui situs web perusahaan terbuka dan situs web bursa efek. Namun, pasal ini tidak menentukan alternatif pemberian kuasa untuk pemegang saham.

Namun, dalam hal lain yang relevan, Pasal 15 Peraturan OJK Nomor 32/POJK.04/2014 tentang Penyelenggaraan Rapat Umum Pemegang Saham Perusahaan Terbuka menyatakan bahwa pemegang saham dapat memberikan kuasa kepada pihak ketiga untuk menggantikan kehadirannya dalam rapat umum pemegang saham. Kuasa tersebut dapat diberikan dalam bentuk tertulis atau elektronik, atau melalui surat resmi. Oleh karena itu, jawabannya adalah D) Alternatif pemberian kuasa hanya melalui surat resmi.",0,0,
26,Kapan pemberian kuasa secara elektronik harus dilakukan menurut Pasal 28?,"A) Paling lambat 7 (tujuh) hari sebelum penyelenggaraan RUPS
B) Paling lambat 1 (satu) hari kerja sebelum penyelenggaraan RUPS
C) Pada hari penyelenggaraan RUPS
D) Setelah penyelenggaraan RUPS",B) Paling lambat 1 (satu) hari kerja sebelum penyelenggaraan RUPS,"Jawab: B) Paling lambat 1 (satu) hari kerja sebelum penyelenggaraan RUPS.

Keterangan: Menurut Pasal 28 ayat (3) dari Peraturan Pasar Modal Nomor 9 Tahun 2017, pemberian kuasa secara elektronik harus dilakukan paling lambat 1 (satu) hari kerja sebelum penyelenggaraan RUPS.",0,0,
27,Siapakah yang dapat menjadi Penerima Kuasa secara elektronik menurut Pasal 30?,"A) Anggota Direksi Perusahaan Terbuka
B) Pihak yang tidak terdaftar di dalam sistem e-RUPS atau sistem yang disediakan oleh Perusahaan Terbuka
C) Partisipan yang mengadministrasikan sub rekening efek/efek milik pemegang saham
D) Karyawan Perusahaan Terbuka",C) Partisipan yang mengadministrasikan sub rekening efek/efek milik pemegang saham,"Jawab: C) Partisipan yang mengadministrasikan sub rekening efek/efek milik pemegang saham

Alasan: Pasal 30 ayat (1) UU No. 8 Tahun 1995 tentang Jasa Keuangan menyebutkan bahwa pihak yang dapat menjadi Penerima Kuasa secara elektronik meliputi partisipan yang mengadministrasikan sub rekening efek/efek milik pemegang saham. Hal ini dibuktikan dengan kalimat ""Partisipan yang mengadministrasikan sub rekening efek/efek milik pemegang saham"" yang tercantum dalam ayat (1) Pasal 30.",1,1,
28,Apa saja kewajiban yang harus dipenuhi oleh Penyedia e-RUPS menurut Pasal 35?,"A) Hanya memiliki mekanisme operasional standar penyelenggaraan e-RUPS
B) Menyediakan hak akses kepada Pengguna e-RUPS dan informasi perubahan sistem
C) Memastikan keamanan dan keandalan e-RUPS serta menyimpan semua data pelaksanaan e-RUPS
D) Bertanggung jawab atas kerugian akibat kegagalan sistem teknologi informasi",C) Memastikan keamanan dan keandalan e-RUPS serta menyimpan semua data pelaksanaan e-RUPS,"Jawab: C) Memastikan keamanan dan keandalan e-RUPS serta menyimpan semua data pelaksanaan e-RUPS.

Pasal 35 (1) menetapkan beberapa kewajiban yang harus dipenuhi oleh Penyedia e-RUPS, yaitu:

a. Terdaftar sebagai penyelenggara sistem elektronik dari instansi berwenang sesuai dengan ketentuan peraturan perundang-undangan;
b. Menyediakan hak akses kepada Pengguna e-RUPS untuk dapat mengakses e-RUPS;
c. Memiliki dan menetapkan mekanisme atau prosedur operasional standar penyelenggaraan e-RUPS;
d. Memastikan terselenggaranya kegiatan dan keberlangsungan kegiatan e-RUPS;
e. Memastikan keamanan dan keandalan e-RUPS;
f. Menginformasikan kepada Pengguna e-RUPS dalam hal terdapat perubahan atau pengembangan sistem termasuk penambahan layanan dan fitur e-RUPS;
g. Menyediakan rekam jejak audit terhadap seluruh kegiatan pemrosesan data di e-RUPS untuk keperluan pengawasan, penegakan hukum, penyelesaian sengketa, verifikasi, dan pengujian;

Karena itu, dari daftar opsi yang diberikan, jawaban yang benar adalah C) Memastikan keamanan dan keandalan e-RUPS serta menyimpan semua data pelaksanaan e-RUPS.",1,1,
29,Kapan ketentuan mengenai prosedur dan tata cara penggunaan e-RUPS berlaku efektif menurut Pasal 36?,"A) Setelah disetujui oleh Perusahaan Terbuka
B) Setelah disetujui oleh Pengguna e-RUPS
C) Setelah memperoleh persetujuan Otoritas Jasa Keuangan
D) Setelah disahkan oleh Rapat Umum Pemegang Saham",C) Setelah memperoleh persetujuan Otoritas Jasa Keuangan,"Jawab: C) Setelah memperoleh persetujuan Otoritas Jasa Keuangan.

Pasal 36 ayat (2) mengatur bahwa ketentuan mengenai prosedur dan tata cara penggunaan e-RUPS berlaku efektif setelah memperoleh persetujuan Otoritas Jasa Keuangan.",1,0,
30,"Apa yang harus dilakukan Perusahaan Terbuka ketika melakukan Transaksi Afiliasi, menurut Pasal 4?","A) Hanya menggunakan Penilai untuk menentukan nilai wajar Transaksi Afiliasi.
B) Mengumumkan keterbukaan informasi atas setiap Transaksi Afiliasi kepada masyarakat.
C) Menyampaikan keterbukaan informasi dan dokumen pendukung kepada Otoritas Jasa Keuangan.
D) Terlebih dahulu memperoleh persetujuan Pemegang Saham Independen dalam RUPS dalam beberapa kondisi tertentu.",C) Menyampaikan keterbukaan informasi dan dokumen pendukung kepada Otoritas Jasa Keuangan.,"Jawab: D) Terlebih dahulu memperoleh persetujuan Pemegang Saham Independen dalam RUPS dalam beberapa kondisi tertentu.

Pasal 4 ayat (1) yang terdapat dalam context menetapkan bahwa Perusahaan Terbuka yang melakukan Transaksi Afiliasi wajib menggunakan Penilai untuk menentukan nilai wajar dari objek Transaksi Afiliasi dan/atau kewajaran transaksi, mengumumkan keterbukaan informasi atas setiap Transaksi Afiliasi kepada masyarakat, menyampaikan keterbukaan informasi dan dokumen pendukungnya kepada Otoritas Jasa Keuangan, dan terlebih dahulu memperoleh persetujuan Pemegang Saham Independen dalam RUPS dalam beberapa kondisi tertentu. Oleh karena itu, jawaban yang benar adalah D) Terlebih dahulu memperoleh persetujuan Pemegang Saham Independen dalam RUPS dalam beberapa kondisi tertentu.",0,0,
31,Berapa lama jangka waktu antara tanggal penilaian nilai wajar oleh Penilai dan tanggal pelaksanaan RUPS jika Transaksi Afiliasi memerlukan persetujuan RUPS?,"A) Paling lambat 3 bulan.
B) Paling lama 6 bulan.
C) Paling singkat 1 bulan.
D) Tidak ada ketentuan waktu yang ditetapkan.",B) Paling lama 6 bulan.,"Jawab:
B) Paling lama 6 bulan.

Penjelasan:
Dasar dari jawaban ini adalah Pasal 11 ayat (2) Peraturan Nomor KEP-33/POJK.04/2021 tentang Penetapan Aturan Penilaian Independent Perusahaan Terbuka. Pasal ini menetapkan bahwa jangka waktu antara tanggal penilaian dan tanggal pelaksanaan RUPS wajib paling lama 6 (enam) bulan. Hal ini berlaku jika Transaksi Afiliasi memerlukan persetujuan RUPS. Oleh karena itu, jawaban yang benar adalah B) Paling lama 6 bulan.",1,0,
32,Kapan Perusahaan Terbuka tidak wajib memenuhi ketentuan sebagaimana dimaksud dalam Pasal 4 ayat (1) menurut Pasal 8?,"A) Ketika Transaksi Afiliasi dilakukan oleh Perusahaan Terbuka dalam rangka menghasilkan pendapatan usaha secara rutin, berulang, dan/atau berkelanjutan.
B) Jika Transaksi Afiliasi merupakan kegiatan usaha yang dijalankan hanya untuk sekali transaksi.
C) Jika Otoritas Jasa Keuangan menetapkan bahwa Perusahaan Terbuka tidak wajib melakukannya.
D) Ketika Transaksi Afiliasi melibatkan pihak yang bertransaksi di luar lembaga jasa keuangan.","A) Ketika Transaksi Afiliasi dilakukan oleh Perusahaan Terbuka dalam rangka menghasilkan pendapatan usaha secara rutin, berulang, dan/atau berkelanjutan","Jawab: A) Ketika Transaksi Afiliasi dilakukan oleh Perusahaan Terbuka dalam rangka menghasilkan pendapatan usaha secara rutin, berulang, dan/atau berkelanjutan.

Alasan: Pasal 8 ayat (1) Peraturan Otoritas Jasa Keuangan mengenai pengambilalihan Perusahaan Terbuka menyatakan bahwa Perusahaan Terbuka tidak wajib memenuhi ketentuan sebagaimana dimaksud dalam Pasal 4 ayat (1), jika melakukan Transaksi Afiliasi yang merupakan kegiatan usaha yang dijalankan dalam rangka menghasilkan pendapatan usaha dan dijalankan secara rutin, berulang, dan/atau berkelanjutan. Oleh karena itu, jawaban yang benar adalah A.",1,0,
33,Apa yang diwajibkan oleh Pasal 9 terkait dengan Transaksi Afiliasi menurut peraturan ini?,"A) Melaporkan Transaksi Afiliasi kepada Otoritas Jasa Keuangan.
B) Melakukan prosedur sebagaimana dimaksud dalam Pasal 3 setiap kali melakukan Transaksi Afiliasi.
C) Mengumumkan Transaksi Afiliasi kepada masyarakat.
D) Mengungkapkan Transaksi Afiliasi dalam laporan tahunan atau laporan keuangan tahunan dengan informasi tertentu.",D) Mengungkapkan Transaksi Afiliasi dalam laporan tahunan atau laporan keuangan tahunan dengan informasi tertentu.,"Jawab: D) Mengungkapkan Transaksi Afiliasi dalam laporan tahunan atau laporan keuangan tahunan dengan informasi tertentu.

Pasal 9 yang tercantum dalam konteks menjelaskan tentang pengungkapan transaksi afiliasi dalam laporan tahunan atau laporan keuangan tahunan perusahaan terbuka dengan mencakup informasi tertentu. Hal ini menjadi tanggung jawab perusahaan terbuka yang melakukan transaksi afiliasi.

Ketentuan ini ditetapkan dalam Pasal 9 ayat (1) Peraturan Nomor IX.E.1, lampiran Keputusan Ketua Badan Pengawas Pasar Modal Nomor: Kep-412/BL/2009 tentang Transaksi Afiliasi dan Benturan Kepentingan Transaksi Tertentu.",1,0,
34,Apa yang diwajibkan oleh Pasal 14 terkait dengan Transaksi Benturan Kepentingan menurut peraturan ini?,"A) Perusahaan Terbuka harus melaporkan Transaksi Benturan Kepentingan kepada Otoritas Jasa Keuangan.
B) Perusahaan Terbuka tidak perlu memenuhi ketentuan Pasal 11 ayat (1) jika Transaksi Benturan Kepentingan memenuhi kriteria tertentu.
C) Prosedur sebagaimana dimaksud dalam Pasal 11 ayat (1) harus tetap dilakukan oleh Perusahaan Terbuka dalam setiap Transaksi Benturan Kepentingan.
D) Transaksi Benturan Kepentingan selalu memerlukan persetujuan RUPS.",B) Perusahaan Terbuka tidak perlu memenuhi ketentuan Pasal 11 ayat (1) jika Transaksi Benturan Kepentingan memenuhi kriteria tertentu.,"Jawab: B) Perusahaan Terbuka tidak perlu memenuhi ketentuan Pasal 11 ayat (1) jika Transaksi Benturan Kepentingan memenuhi kriteria tertentu.

Pasal 14 dari Peraturan Otoritas Jasa Keuangan terkait Transaksi Benturan Kepentingan menjelaskan bahwa Perusahaan Terbuka tidak wajib memenuhi ketentuan sebagaimana dimaksud dalam Pasal 11 ayat (1), jika melakukan Transaksi Benturan Kepentingan tertentu. Hal ini tercermin pada kalimat ""Perusahaan Terbuka tidak wajib memenuhi ketentuan sebagaimana dimaksud dalam Pasal 11 ayat (1), jika melakukan Transaksi Benturan Kepentingan sebagai berikut: a. penggunaan setiap fasilitas yang diberikan oleh Perusahaan Terbuka kepada anggota direksi, anggota dewan komisaris, dan/atau Pemegang Saham Utama dalam hal Pemegang Saham Utama juga menjabat sebagai Pegawai, dan fasilitas tersebut langsung berhubungan dengan tanggung jawab mereka.""

Oleh karena itu, jawaban yang benar adalah B) Perusahaan Terbuka tidak perlu memenuhi ketentuan Pasal 11 ayat (1) jika Transaksi Benturan Kepentingan memenuhi kriteria tertentu.",1,1,
35,Apa yang harus dilakukan oleh Perusahaan Terbuka jika Transaksi Afiliasi atau Transaksi Benturan Kepentingan yang telah disetujui dalam RUPS tidak dilaksanakan dalam jangka waktu 12 bulan sejak tanggal persetujuan RUPS?,"A) Hanya mengungkapkan dalam laporan tahunan.
B) Memberikan penjelasan khusus atas ketidakterlaksanaan transaksi dalam RUPS terdekat.
C) Mengikuti prosedur dalam Peraturan Otoritas Jasa Keuangan ini dan memperoleh persetujuan RUPS kembali.
D) Menunda pelaksanaan dan meminta persetujuan Pemegang Saham Independen dalam RUPS berikutnya.",A) Hanya mengungkapkan dalam laporan tahunan.,"Jawab: B) Memberikan penjelasan khusus atas ketidakterlaksanaan transaksi dalam RUPS terdekat.

Pasal 17 (1) Peraturan Otoritas Jasa Keuangan mengenai Pengungkapan dan Pelaksanaan Kembali Prosedur Transaksi Afiliasi dan Transaksi Benturan Kepentingan menetapkan bahwa jika Transaksi Afiliasi atau Transaksi Benturan Kepentingan yang telah disetujui dalam RUPS (Rencana Umum Penetapan Saham) belum dilaksanakan dalam jangka waktu 12 bulan sejak tanggal persetujuan RUPS, Perusahaan Terbuka wajib mengungkapkan dalam laporan tahunan dan memberikan penjelasan khusus atas ketidakterlaksanaan transaksi dalam RUPS terdekat. Oleh sebab itu, jawaban yang benar adalah B) Memberikan penjelasan khusus atas ketidakterlaksanaan transaksi dalam RUPS terdekat.",0,0,
36,Kapan Perusahaan Terbuka dapat memintakan persetujuan RUPS kembali untuk Transaksi Afiliasi atau Transaksi Benturan Kepentingan yang tidak disetujui oleh Pemegang Saham Independen?,"A) Setelah 6 bulan sejak pelaksanaan RUPS yang tidak menyetujui transaksi tersebut.
B) Setiap saat tanpa batasan waktu.
C) Paling singkat 12 bulan setelah pelaksanaan RUPS yang tidak menyetujui transaksi tersebut.
D) Setelah mendapatkan persetujuan dari Otoritas Jasa Keuangan.",C) Paling singkat 12 bulan setelah pelaksanaan RUPS yang tidak menyetujui transaksi tersebut.,"Jawab: C) Paling singkat 12 bulan setelah pelaksanaan RUPS yang tidak menyetujui transaksi tersebut.

Penjelasan: Hal ini didasarkan pada Pasal 18 Peraturan Otoritas Jasa Keuangan (OJK) Nomor 32/POJK.04/2014 tentang Penanaman Modal Asing dan Penanaman Modal Dalam Negeri. Setelah Perusahaan Terbuka mengalami Transaksi Afiliasi atau Transaksi Benturan Kepentingan yang tidak disetujui oleh Pemegang Saham Independen, maka rencana transaksi tersebut hanya dapat dimintakan persetujuan RUPS kembali setelah paling singkat 12 bulan setelah pelaksanaan RUPS yang tidak menyetujui Transaksi Afiliasi atau Transaksi Benturan Kepentingan tersebut.",1,0,
37,Apa yang diwajibkan oleh Perusahaan Terbuka dalam hal pengumuman Transaksi Afiliasi dan/atau Transaksi Benturan Kepentingan jika sahamnya tercatat pada bursa efek?,"A) Pengumuman melalui Situs Web Perusahaan Terbuka saja.
B) Pengumuman melalui Situs Web Perusahaan Terbuka dan 1 (satu) surat kabar harian berbahasa Indonesia.
C) Pengumuman melalui Situs Web Perusahaan Terbuka dan Situs Web bursa efek.
D) Pengumuman melalui Surat Kabar Nasional saja.",C) Pengumuman melalui Situs Web Perusahaan Terbuka dan Situs Web bursa efek.,"Jawab: C) Pengumuman melalui Situs Web Perusahaan Terbuka dan Situs Web bursa efek.

Alasan: Hal itu disesuaikan dengan Pasal 19 ayat (1) dan (2) dari Peraturan Otoritas Jasa Keuangan yang relevan. Pasal 19 (1) menyatakan bahwa pengumuman Transaksi Afiliasi dan/atau Transaksi Benturan Kepentingan wajib dilakukan melalui paling sedikit dua media, yaitu Situs Web Perusahaan Terbuka dan Situs Web bursa efek. Oleh karena itu, pilihan yang tepat adalah C.",1,0,
38,Kapan bukti pengumuman Transaksi Afiliasi dan/atau Transaksi Benturan Kepentingan yang dilakukan melalui surat kabar harian harus disampaikan kepada Otoritas Jasa Keuangan?,"A) Paling lambat 1 (satu) hari setelah tanggal pengumuman.
B) Paling lambat 2 (dua) hari setelah tanggal pengumuman.
C) Pada saat pelaksanaan RUPS.
D) Bukti pengumuman tidak perlu disampaikan.",B) Paling lambat 2 (dua) hari setelah tanggal pengumuman.,"The answer is B) Paling lambat 2 (dua) hari setelah tanggal pengumuman.

According to the regulation mentioned in the context, which is Peraturan Otoritas Jasa Keuangan (regarding capital market), if a public company conducts a Transaksi Afiliasi (Affiliate Transaction) and/or Transaksi Benturan Kepentingan (Conflict of Interest Transaction), the announcement must be made through at least two media: the company's website and one national daily newspaper in Indonesian or a website provided by the Financial Services Authority (OJK). If the announcement is made through a daily newspaper, the proof of the announcement must be submitted to the OJK no later than 2 (dua) working days after the date of the announcement (Pasal 20 ayat 3).",1,0,
39,Apakah yang dapat menjadi sanksi administratif yang dikenakan oleh Otoritas Jasa Keuangan berdasarkan Pasal 27?,"A) Pemberian penghargaan.
B) Peringatan tertulis, denda, pembatasan kegiatan usaha, pembekuan kegiatan usaha, pencabutan izin usaha, pembatalan persetujuan, pembatalan pendaftaran.
C) Bebas dari sanksi.
D) Delegasi wewenang.","B) Peringatan tertulis, denda, pembatasan kegiatan usaha, pembekuan kegiatan usaha, pencabutan izin usaha, pembatalan persetujuan, pembatalan pendaftaran.","Berdasarkan Pasal 27 yang terdapat dalam context yang Anda berikan, sanksi administratif yang dapat dikenakan Otoritas Jasa Keuangan meliputi: peringatan tertulis, denda, pembatasan kegiatan usaha, pembekuan kegiatan usaha, pencabutan izin usaha, pembatalan persetujuan, dan pembatalan pendaftaran. Opsi A dan C tidak relevan dalam hal ini, sementara opsi D yang berarti delegasi wewenang bukan sanksi administratif. Opsi B yang termasuk peringatan tertulis dan denda, serta pembatasan, pembekuan, pencabutan, pembatalan kegiatan atau izin usaha adalah yang paling tepat.

Sanksi administratif sebagaimana dimaksud dalam Pasal 27 ayat (4) dan tindakan tertentu sebagaimana dimaksud dalam Pasal 28 dapat diterapkan atau ditindak lanjuti oleh Otoritas Jasa Keuangan terhadap pihak yang melakukan pelanggaran ketentuan Peraturan Otoritas Jasa Keuangan. Hal ini diatur dalam Pasal 28 dan Pasal 29 dari context yang Anda berikan.",0,0,
40,"Apa yang dimaksud dengan ""Perusahaan Terbuka"" dalam Peraturan Otoritas Jasa Keuangan ini?","A) Pihak yang melakukan Penawaran Umum efek bersifat ekuitas.
B) Perseroan yang sahamnya dimiliki oleh lebih dari 300 pemegang saham dan memiliki modal disetor paling sedikit Rp3.000.000.000,00.
C) Emiten dengan Aset Skala Menengah.
D) Emiten yang memiliki total aset lebih dari Rp50.000.000.000,00.",A) Pihak yang melakukan Penawaran Umum efek bersifat ekuitas.,"Dalam Peraturan Otoritas Jasa Keuangan yang telah disebutkan, yaitu Peraturan OJK Nomor 11/POJK.04/2014, Peraturan OJK Nomor 10/POJK.04/2014, Peraturan OJK Nomor 32/POJK.04/2014, dan Peraturan OJK Nomor 33/POJK.04/2014, yang dimaksud dengan ""Perusahaan Terbuka"" adalah:

""Perusahaan Terbuka adalah Emiten yang telah melakukan Penawaran Umum Efek bersifat ekuitas atau Perusahaan Publik.""

Jawab: A

Kutipan dari Peraturan OJK Nomor 11/POJK.04/2014:
Pasal 1 ayat (1)
""Dalam Peraturan Otoritas Jasa Keuangan ini, yang dimaksud dengan: 1. Perusahaan Terbuka adalah Emiten yang telah melakukan Penawaran Umum Efek bersifat ekuitas atau Perusahaan Publik.""

Kutipan dari Peraturan OJK Nomor 10/POJK.04/2014:
Pasal 1 ayat (1)
""Dalam Peraturan Otoritas Jasa Keuangan ini, yang dimaksud dengan: 1. Perusahaan Terbuka adalah Emiten yang telah melakukan Penawaran Umum Efek bersifat ekuitas atau Perusahaan Publik.""

Kutipan dari Peraturan OJK Nomor 32/POJK.04/2014:
Pasal 1 ayat (1)
""Dalam Peraturan Otoritas Jasa Keuangan ini, yang dimaksud dengan: 1. Perusahaan Terbuka adalah Emiten yang telah melakukan Penawaran Umum Efek bersifat ekuitas atau Perusahaan Publik.""

Kutipan dari Peraturan OJK Nomor 33/POJK.04/2014:
Pasal 1 ayat (1)
""Dalam Peraturan Otoritas Jasa Keuangan ini, yang dimaksud dengan: 1. Perusahaan Terbuka adalah Emiten yang telah melakukan Penawaran Umum Efek bersifat ekuitas atau Perusahaan Publik.""",1,0,
41,"Apa yang dianggap sebagai ""Laporan Keuangan Berkala"" dalam konteks Peraturan Otoritas Jasa Keuangan ini?","A) Laporan pertanggungjawaban direksi dan dewan komisaris.
B) Laporan tahunan.
C) Laporan keuangan tahunan dan laporan keuangan tengah tahunan Emiten atau Perusahaan Publik.
D) Laporan keuangan tengah tahunan saja.",C) Laporan keuangan tahunan dan laporan keuangan tengah tahunan Emiten atau Perusahaan Publik.,"Jawab: C) Laporan keuangan tahunan dan laporan keuangan tengah tahunan Emiten atau Perusahaan Publik.

Keterangan: Dalam konteks Peraturan Otoritas Jasa Keuangan, ""Laporan Keuangan Berkala"" didefinisikan sebagai laporan keuangan tahunan dan laporan keuangan tengah tahunan yang disampaikan oleh Emiten atau Perusahaan Publik. Hal ini ditetapkan dalam Peraturan Nomor X.K.2 tentang Penyampaian Laporan Keuangan Berkala Emiten atau Perusahaan Publik, lampiran Keputusan Ketua Badan Pengawas Pasar Modal dan Lembaga Keuangan Nomor: Kep-346/BL/2011 tanggal 5 Juli 2011. Namun, terdapat beberapa substansi dalam peraturan tersebut yang harus disesuaikan dengan perkembangan kebijakan Otoritas Jasa Keuangan sebagaimana telah dimuat dalam beberapa Peraturan Otoritas Jasa Keuangan terkait, antara lain peraturan yang terkait laporan keuangan dan penyampaian informasi kepada masyarakat.",1,1,
42,Apa yang menjadi kewajiban Emiten Skala Kecil dan Emiten Skala Menengah terkait dengan penggunaan bahasa dalam pengumuman dan laporan berdasarkan Pasal 9 Peraturan Otoritas Jasa Keuangan?,"A) Menggunakan paling sedikit bahasa Indonesia dalam semua informasi dan laporan.
B) Menggunakan bahasa asing dalam pengumuman dan laporan.
C) Menggunakan bahasa asing, khususnya bahasa Inggris, dalam pengumuman dan laporan.
D) Menggunakan bahasa asing dengan syarat informasi yang sama juga disajikan dalam bahasa Indonesia.","C) Menggunakan bahasa asing, khususnya bahasa Inggris, dalam pengumuman dan laporan.","Jawab: D) Menggunakan bahasa asing dengan syarat informasi yang sama juga disajikan dalam bahasa Indonesia.

Pasal 9 Peraturan Otoritas Jasa Keuangan menetapkan bahwa Emiten Skala Kecil dan Emiten Skala Menengah wajib menggunakan paling sedikit bahasa Indonesia dalam menyajikan informasi pada beberapa media, seperti Situs Web, pengumuman atas Informasi atau Fakta Material, dan Laporan Tahunan. Namun, dalam hal informasi disajikan dalam bahasa asing, maka harus memuat informasi yang sama dengan informasi yang disajikan dalam bahasa Indonesia (syarat Pasal 9 ayat 2 dan 3). Hal ini menunjukkan bahwa Emiten Skala Kecil dan Emiten Skala Menengah diizinkan menggunakan bahasa asing, tetapi harus selalu menyertakan informasi yang sama dalam bahasa Indonesia.",0,0,
43,Apa yang menjadi kewajiban Emiten Skala Kecil dan Emiten Skala Menengah yang Efeknya tercatat di bursa Efek terkait dengan pengumuman dan keterbukaan informasi?,"A) Melakukan pengumuman hanya melalui Situs Web Emiten.
B) Melakukan pengumuman melalui Situs Web Emiten dan Situs Web bursa Efek.
C) Melakukan pengumuman melalui Situs Web Emiten dan surat kabar harian berbahasa Indonesia.
D) Melakukan pengumuman melalui surat kabar harian berbahasa Indonesia saja.",B) Melakukan pengumuman melalui Situs Web Emiten dan Situs Web bursa Efek.,"Jawab: B) Melakukan pengumuman melalui Situs Web Emiten dan Situs Web bursa Efek.

Penjelasan:
Berdasarkan Peraturan Otoritas Jasa Keuangan mengenai Keterbukaan atas Informasi atau Fakta Material oleh Emiten atau Perusahaan Publik, Emiten Skala Kecil dan Emiten Skala Menengah yang Efeknya tercatat di bursa Efek wajib melakukan pengumuman Informasi atau Fakta Material minimal melalui Situs Web Emiten Skala Kecil atau Emiten Skala Menengah dan Situs Web bursa Efek. Hal ini diatur dalam Pasal 10 (1) dan Pasal 11 dari Peraturan tersebut. Oleh karena itu, jawaban yang benar adalah B) Melakukan pengumuman melalui Situs Web Emiten dan Situs Web bursa Efek.",1,0,
44,Bagaimana cara Emiten Skala Kecil dan Emiten Skala Menengah yang Efeknya tercatat di bursa Efek harus membuat pengumuman terkait Laporan Keuangan Berkala?,"A) Hanya melalui Situs Web Emiten
B) Melalui Situs Web Emiten dan surat kabar harian
C) Melalui Situs Web Emiten dan Situs Web bursa Efek
D) Melalui konferensi pers",C) Melalui Situs Web Emiten dan Situs Web bursa Efek,"Jawab: C) Melalui Situs Web Emiten dan Situs Web bursa Efek

Keterangan: Menurut Peraturan Otoritas Jasa Keuangan mengenai Keterbukaan atas Informasi atau Fakta Material oleh Emiten atau Perusahaan Publik, Emiten Skala Kecil dan Emiten Skala Menengah yang Efeknya tercatat di bursa Efek wajib melakukan pengumuman Laporan Keuangan Berkala melalui Situs Web Emiten dan Situs Web bursa Efek. (Artikel 11 Peraturan Otoritas Jasa Keuangan mengenai Keterbukaan atas Informasi atau Fakta Material oleh Emiten atau Perusahaan Publik)",1,0,
45,Kapan Emiten Skala Kecil dan Emiten Skala Menengah dapat mengadakan Rapat Umum Pemegang Saham baru setelah penolakan Transaksi Afiliasi atau Transaksi Benturan Kepentingan?,"A) Secara langsung setelah penolakan
B) Setelah masa tunggu 6 bulan
C) Setelah masa tunggu 12 bulan
D) Hanya jika disetujui oleh Otoritas Jasa Keuangan",C) Setelah masa tunggu 12 bulan,"Pasal 4 Peraturan Nomor IX.C.7 terbaru mengatur tentang Transaksi Material dan Transaksi Afiliasi bagi Emiten Skala Kecil dan Emiten Skala Menengah. Dalam Peraturan ini, dijelaskan bahwa Emiten Skala Kecil dan Emiten Skala Menengah yang melakukan Penawaran Umum Efek bersifat ekuitas yang melakukan transaksi material dan transaksi afiliasi tidak wajib menggunakan penilai, kecuali transaksi material dan transaksi afiliasi yang membutuhkan persetujuan RUPS. Untuk Transaksi Afiliasi yang telah ditolak, tidak ada aturan yang mencakup masa tunggu untuk mengadakan Rapat Umum Pemegang Saham baru. Oleh karena itu, jawaban yang tepat adalah:

C) Setelah masa tunggu 12 bulan

Namun, perlu diketahui bahwa dalam keadaan lain, seperti ditentukan oleh Otoritas Jasa Keuangan atau dalam peraturan lain yang relevan, masa tunggu untuk mengadakan Rapat Umum Pemegang Saham baru setelah penolakan Transaksi Afiliasi atau Transaksi Benturan Kepentingan dapat berbeda.",1,1,
46,Apa tujuan utama pendirian Lembaga Kliring dan Penjaminan (LKP) dan Lembaga Penyimpanan dan Penyelesaian (LPP)?,"A) Menyediakan layanan perbankan
B) Menawarkan saran investasi
C) Mengatur pasar saham
D) Memfasilitasi kliring dan penyelesaian efisien Transaksi Efek",D) Memfasilitasi kliring dan penyelesaian efisien Transaksi Efek,"D) Memfasilitasi kliring dan penyelesaian efisien Transaksi Efek

Referensi: Peraturan Presiden Republik Indonesia Nomor 13 Tahun 2021, Pasal 14 (1) dan (2)
Lembaga Kliring dan Penjaminan didirikan dengan tujuan menyediakan sarana kliring dan/atau penjaminan penyelesaian Transaksi Efek yang teratur, wajar, dan efisien. Sedangkan Lembaga Penyimpanan dan Penyelesaian didirikan dengan tujuan menyediakan jasa Kustodian sentral dan penyelesaian transaksi yang teratur, wajar, dan efisien.",1,1,
47,Siapakah yang dapat melakukan kegiatan usaha sebagai Wali Amanat?,"A). Bank Umum dan Pihak lain yang ditetapkan dengan Peraturan Pemerintah.
B). Hanya Pihak lain yang ditetapkan dengan Peraturan Pemerintah.
C). Hanya Bank umum.
D). Semua lembaga keuangan.",A). Bank Umum dan Pihak lain yang ditetapkan dengan Peraturan Pemerintah.,"Based on the provided context, the regulation regarding this matter is Peraturan Pemerintah (Government Regulation) No. 45/2018 about Financial Services and Industry. Specifically, for the Wali Amanat (Fiduciary) aspect, the relevant articles are Chapter X and Chapter XI.

According to Pasal 59 (1) of this regulation, kegiatan usaha sebagai Wali Amanat (the business activity as a Fiduciary) can be carried out by a bank umum (commercial bank). Furthermore, Pasal 60 (2) mentions that the application for registration as a Fiduciary must be submitted to the Otoritas Jasa Keuangan (Financial Services Authority) using a form that complies with the regulations of the Otoritas Jasa Keuangan regarding the permit for a Securities Administrative Bureau.

Therefore, the correct answer to the question ""Siapakah yang dapat melakukan kegiatan usaha sebagai Wali Amanat?"" (Who can carry out the business activity as a Fiduciary?) is:

A) Bank Umum and Pihak lain yang ditetapkan dengan Peraturan Pemerintah (other parties designated by Government Regulation).

This is because, based on the provided context, the parties who can carry out the business activity as a Fiduciary are Bank Umum and other parties designated by Government Regulation.",1,0,
48,Siapakah yang bertanggung jawab atas kerugian akibat informasi yang tidak benar atau tidak memuat informasi tentang Fakta Material dalam Prospektus?,"A). Hanya pembeli Efek.
B). Baik pembeli Efek maupun pihak yang menawarkan atau menjual Efek.
C). Hanya pihak yang menawarkan atau menjual Efek.
D). Tidak ada yang bertanggung jawab.",B). Baik pembeli Efek maupun pihak yang menawarkan atau menjual Efek.,"Based on the provided context, the regulation that applies to this question is Undang-undang Nomor 8 Tahun 1995 tentang Pasar Modal (Capital Market Law No. 8/1995).

According to Pasal 80 (1) of the regulation, any party who signs the registration statement, including the directors and commissioners of the issuer, as well as professionals who provide opinions or statements included in the registration statement, are responsible for any losses resulting from false or incomplete information about material facts. This is as long as the information is misleading, and the registration statement has become effective.

Therefore, the answer to the question is:

B). Baik pembeli Efek maupun pihak yang menawarkan atau menjual Efek.

Both the buyers and sellers of the securities are responsible for any losses resulting from false or incomplete information about material facts in the prospectus.",1,1,
49,Ancaman pidana apa yang berlaku bagi Pihak yang mempengaruhi orang lain untuk melakukan pelanggaran Pasal-Pasal tertentu?,"A). Pidana kurungan
B). Pidana denda
C). Pidana kurungan dan denda
D). Pidana penjara
",C). Pidana kurungan dan denda,"Jawab: C). Pidana kurungan dan denda

Dasar: Pasal 108 Presiden Republik Indonesia - 58 -, yang menyebutkan bahwa ancaman pidana penjara dan pidana denda berlaku bagi Pihak yang, baik langsung maupun tidak langsung, mempengaruhi Pihak lain untuk melakukan pelanggaran Pasal-Pasal tertentu. Hal ini didasarkan pada perubahan Pasal 108 sesuai dengan Pasal 49/545, yang menambahkan ketentuan bahwa ancaman pidana ini berlaku baik langsung maupun tidak langsung.",1,0,
,,,,,38,,
